{"L_values": [0.1, 0.1292929292929293, 0.15858585858585858, 0.18787878787878787, 0.21717171717171718, 0.24646464646464647, 0.27575757575757576, 0.305050505050505, 0.33434343434343433, 0.36363636363636365, 0.3929292929292929, 0.4222222222222222, 0.4515151515151515, 0.4808080808080808, 0.51010101010101, 0.5393939393939393, 0.5686868686868687, 0.597979797979798, 0.6272727272727272, 0.6565656565656566, 0.6858585858585858, 0.7151515151515151, 0.7444444444444444, 0.7737373737373737, 0.803030303030303, 0.8323232323232322, 0.8616161616161616, 0.8909090909090909, 0.9202020202020201, 0.9494949494949494, 0.9787878787878788, 1.008080808080808, 1.0373737373737373, 1.0666666666666667, 1.0959595959595958, 1.1252525252525252, 1.1545454545454545, 1.1838383838383837, 1.213131313131313, 1.2424242424242424, 1.2717171717171716, 1.301010101010101, 1.3303030303030303, 1.3595959595959595, 1.3888888888888888, 1.418181818181818, 1.4474747474747474, 1.4767676767676767, 1.5060606060606059, 1.5353535353535352, 1.5646464646464646, 1.5939393939393938, 1.6232323232323231, 1.6525252525252525, 1.6818181818181817, 1.711111111111111, 1.7404040404040404, 1.7696969696969695, 1.798989898989899, 1.828282828282828, 1.8575757575757574, 1.8868686868686868, 1.916161616161616, 1.9454545454545453, 1.9747474747474747, 2.004040404040404, 2.033333333333333, 2.0626262626262624, 2.091919191919192, 2.121212121212121, 2.1505050505050503, 2.17979797979798, 2.209090909090909, 2.238383838383838, 2.2676767676767677, 2.296969696969697, 2.326262626262626, 2.355555555555555, 2.3848484848484848, 2.414141414141414, 2.443434343434343, 2.4727272727272727, 2.502020202020202, 2.531313131313131, 2.5606060606060606, 2.5898989898989897, 2.619191919191919, 2.6484848484848484, 2.6777777777777776, 2.7070707070707067, 2.7363636363636363, 2.7656565656565655, 2.7949494949494946, 2.824242424242424, 2.8535353535353534, 2.8828282828282825, 2.912121212121212, 2.9414141414141413, 2.9707070707070704, 3.0], "phi_vals": [1.542891197244794, 1.5347667302284795, 1.5266889024809094, 1.5187294754330785, 1.5108019063974605, 1.502970724132647, 1.49530478943342, 1.487694192397099, 1.480114463765941, 1.4726607204658742, 1.465396664885222, 1.4583702074995613, 1.4515718400749107, 1.4449119828155328, 1.4386460955966003, 1.4329722463520476, 1.4273639478938622, 1.4219784783485103, 1.4169165159741706, 1.4126965396241937, 1.4089874655655872, 1.4056801727999597, 1.4029172437695507, 1.4006977225373465, 1.3990575480574057, 1.3977267551978705, 1.3965581722902352, 1.39553983301459, 1.3947519639047272, 1.3941108576149708, 1.3936409480473608, 1.3934079067166207, 1.3931743313422262, 1.392901440498581, 1.393063606214679, 1.3929720663195302, 1.3930608742005406, 1.3930129450428061, 1.3930353702550857, 1.393209127538897, 1.3931839198944431, 1.3932361745298292, 1.3933941358432858, 1.3933321314470533, 1.3933928519459595, 1.3934573158555543, 1.3937041295574326, 1.3936656598206056, 1.393909599867909, 1.3939379276982284, 1.394203534683471, 1.3943078386894783, 1.3941078023504836, 1.3942968626517789, 1.39441766132243, 1.3944452081178889, 1.3944555806253667, 1.3946727529971925, 1.394561174829739, 1.3947546563284514, 1.3944975154458674, 1.3948002913583426, 1.394805668642354, 1.3951138358642319, 1.3943106829709184, 1.395142860837875, 1.394897119655025, 1.3948617792164986, 1.3948628985790639, 1.3947826091529256, 1.3950050635204, 1.395012405028451, 1.3945508269242357, 1.3947484316940166, 1.3949217203507391, 1.3945807975575981, 1.394499611564323, 1.3946710718173185, 1.3952019941935956, 1.3943080143089461, 1.3943402196476293, 1.3940984872794613, 1.3946033232097064, 1.393896162925458, 1.3946080396053009, 1.3938348466194723, 1.393423302802951, 1.3941950626152164, 1.3931588269805586, 1.393389882018525, 1.3944134330159301, 1.3930890174538058, 1.3932612768422101, 1.3929274683235064, 1.3928265933680544, 1.3929972824851053, 1.392516135059141, 1.3922569298352896, 1.3929134010624145, 1.3917907873360764]}