{"K_cpu": [0.0, 0.050505050505050504, 0.10101010101010101, 0.15151515151515152, 0.20202020202020202, 0.25252525252525254, 0.30303030303030304, 0.35353535353535354, 0.40404040404040403, 0.45454545454545453, 0.5050505050505051, 0.5555555555555556, 0.6060606060606061, 0.6565656565656566, 0.7070707070707071, 0.7575757575757576, 0.8080808080808081, 0.8585858585858586, 0.9090909090909091, 0.9595959595959596, 1.0101010101010102, 1.0606060606060606, 1.1111111111111112, 1.1616161616161615, 1.2121212121212122, 1.2626262626262625, 1.3131313131313131, 1.3636363636363635, 1.4141414141414141, 1.4646464646464645, 1.5151515151515151, 1.5656565656565655, 1.6161616161616161, 1.6666666666666667, 1.7171717171717171, 1.7676767676767677, 1.8181818181818181, 1.8686868686868687, 1.9191919191919191, 1.9696969696969697, 2.0202020202020203, 2.0707070707070705, 2.121212121212121, 2.1717171717171717, 2.2222222222222223, 2.2727272727272725, 2.323232323232323, 2.3737373737373737, 2.4242424242424243, 2.474747474747475, 2.525252525252525, 2.5757575757575757, 2.6262626262626263, 2.676767676767677, 2.727272727272727, 2.7777777777777777, 2.8282828282828283, 2.878787878787879, 2.929292929292929, 2.9797979797979797, 3.0303030303030303, 3.080808080808081, 3.131313131313131, 3.1818181818181817, 3.2323232323232323, 3.282828282828283, 3.3333333333333335, 3.3838383838383836, 3.4343434343434343, 3.484848484848485, 3.5353535353535355, 3.5858585858585856, 3.6363636363636362, 3.686868686868687, 3.7373737373737375, 3.7878787878787876, 3.8383838383838382, 3.888888888888889, 3.9393939393939394, 3.9898989898989896, 4.040404040404041, 4.090909090909091, 4.141414141414141, 4.191919191919192, 4.242424242424242, 4.292929292929293, 4.343434343434343, 4.393939393939394, 4.444444444444445, 4.494949494949495, 4.545454545454545, 4.595959595959596, 4.646464646464646, 4.696969696969697, 4.747474747474747, 4.797979797979798, 4.848484848484849, 4.898989898989899, 4.94949494949495, 5.0], "H_norm_values": [[0.015103953760636717, 0.015782988109385047, 0.016290433180564272, 0.014273921831677186, 0.01632914351390887, 0.01692983931237679, 0.016560871033276584, 0.018860840711546974, 0.01697688191488668, 0.017658576559266313, 0.01840315331516608, 0.01741180555961519, 0.018896674865925694, 0.01889171017605519, 0.01742359825367201, 0.021155295992468962, 0.021870587850918055, 0.020220265475510653, 0.022388988416278954, 0.01949866028992151, 0.018411698041031425, 0.019816902738758826, 0.019868544540058736, 0.020418103037135916, 0.021953525098832086, 0.027539782032838835, 0.023615711161092304, 0.025337168861873472, 0.024923133492792716, 0.025840907320297233, 0.03167666184148835, 0.029664657547903654, 0.027052112013165087, 0.029819602441118687, 0.028452285341670144, 0.028743226290689542, 0.030532414935990806, 0.04510083373480298, 0.04398561820448096, 0.032468648952588296, 0.0347614175564943, 0.043536621109323756, 0.049481304336177916, 0.05902298918750907, 0.05355103924041415, 0.07106843334544859, 0.4512077034034016, 0.5162411539688762, 0.5642086728853737, 0.5994064469337609, 0.6269616089113709, 0.6576004994061085, 0.6837324759157001, 0.7067975185296319, 0.7274975382768036, 0.7462431005292414, 0.7625423810022479, 0.7746936119770327, 0.7851342702755935, 0.794797869821562, 0.8034762570627032, 0.8113740874983846, 0.8182620469531754, 0.8255780424208587, 0.8323977658640858, 0.8377153216811649, 0.8427329756290374, 0.847099031626301, 0.851240611142119, 0.8546699996200273, 0.8574998153162112, 0.8605071653882497, 0.8636095293895965, 0.8663073439366539, 0.8683991954698673, 0.8699200135855693, 0.8715225926817929, 0.8730432379211266, 0.8739070680172022, 0.8746509396146855, 0.8752919416536201, 0.8762137451172448, 0.8768799663833192, 0.8769600205596988, 0.8766050014700727, 0.8762686815629454, 0.8759257978847466, 0.8753490152688632, 0.8748120982791634, 0.8745233190420681, 0.8737635967113265, 0.8728515693055077, 0.8718564355075545, 0.8705258477779301, 0.8695814310707349, 0.8683346230750056, 0.8671212165414846, 0.8657508030904048, 0.8644406137335803, 0.8630691126374789], [0.016169943109424916, 0.01605795741942485, 0.016710678063545877, 0.017554219272224957, 0.015480162396455327, 0.018501609985682684, 0.01710582752314314, 0.01831889105570052, 0.01802202709933083, 0.01882912960528649, 0.018658662172959917, 0.018975107002957303, 0.01775196892330715, 0.020253392434102166, 0.019081575927115964, 0.01855642007682426, 0.019779834239888768, 0.02085171528037295, 0.02129775880696113, 0.019249884670303294, 0.020147390275894083, 0.023504794409476844, 0.02338393586951381, 0.02423351673226306, 0.024103727710904355, 0.02584664197712988, 0.021073147627978912, 0.02191996876935415, 0.024746867351116853, 0.024357671306027086, 0.025549076495550518, 0.027242977104932453, 0.029847061309159734, 0.031471776593700346, 0.029821955293567712, 0.03627306996557627, 0.030687649410042293, 0.034400082332174266, 0.037002340741915225, 0.04291543874001861, 0.04492198138519642, 0.04571006026121328, 0.04457889796257365, 0.055186292912971634, 0.059233309688199454, 0.07173196581406417, 0.30025625592871186, 0.41827656115131956, 0.4753414609845737, 0.5099143060306008, 0.549780389791689, 0.5884875442873311, 0.616004503897788, 0.6404846670594562, 0.6642061419067155, 0.681232872383987, 0.696378696131999, 0.7100565787796341, 0.7242326620349477, 0.7373580612171053, 0.7480979356762975, 0.7585599413449927, 0.7686882449288559, 0.7774035984410628, 0.7850049034423473, 0.7928827445800232, 0.8005918926592493, 0.8075845383378535, 0.8136267391130818, 0.8188873995894046, 0.8235835596703603, 0.8283739572846839, 0.832311619950659, 0.8352836927146596, 0.8382092069062207, 0.841542745567657, 0.8443380309888625, 0.8470661075017365, 0.849533758743123, 0.8516430054540334, 0.8530703912643023, 0.8546433929142124, 0.8557375608268508, 0.8569532071300003, 0.8583689008088949, 0.8598281772089122, 0.8609863300362492, 0.8616969851556585, 0.8623888739185637, 0.8634121473964389, 0.8642005609217235, 0.864591456348988, 0.8651236259937993, 0.8654341230799945, 0.8659392149277407, 0.8665226639580116, 0.8670768608599483, 0.8669764659082656, 0.8668206715540048, 0.8670945736178007]], "L_values": [0, 0.5]}