{"K_cpu": [2.2, 2.203030303030303, 2.206060606060606, 2.2090909090909094, 2.2121212121212124, 2.2151515151515153, 2.2181818181818183, 2.221212121212121, 2.2242424242424246, 2.2272727272727275, 2.2303030303030305, 2.2333333333333334, 2.2363636363636363, 2.2393939393939397, 2.2424242424242427, 2.2454545454545456, 2.2484848484848485, 2.2515151515151515, 2.254545454545455, 2.257575757575758, 2.2606060606060607, 2.2636363636363637, 2.2666666666666666, 2.26969696969697, 2.272727272727273, 2.275757575757576, 2.278787878787879, 2.2818181818181817, 2.284848484848485, 2.287878787878788, 2.290909090909091, 2.293939393939394, 2.296969696969697, 2.3000000000000003, 2.303030303030303, 2.306060606060606, 2.309090909090909, 2.312121212121212, 2.3151515151515154, 2.3181818181818183, 2.3212121212121213, 2.324242424242424, 2.327272727272727, 2.3303030303030305, 2.3333333333333335, 2.3363636363636364, 2.3393939393939394, 2.3424242424242427, 2.3454545454545457, 2.3484848484848486, 2.3515151515151516, 2.3545454545454545, 2.357575757575758, 2.360606060606061, 2.3636363636363638, 2.3666666666666667, 2.3696969696969696, 2.372727272727273, 2.375757575757576, 2.378787878787879, 2.381818181818182, 2.3848484848484848, 2.387878787878788, 2.390909090909091, 2.393939393939394, 2.396969696969697, 2.4, 2.4030303030303033, 2.4060606060606062, 2.409090909090909, 2.412121212121212, 2.415151515151515, 2.4181818181818184, 2.4212121212121214, 2.4242424242424243, 2.4272727272727272, 2.43030303030303, 2.4333333333333336, 2.4363636363636365, 2.4393939393939394, 2.4424242424242424, 2.4454545454545453, 2.4484848484848487, 2.4515151515151516, 2.4545454545454546, 2.4575757575757575, 2.4606060606060605, 2.463636363636364, 2.466666666666667, 2.4696969696969697, 2.4727272727272727, 2.4757575757575756, 2.478787878787879, 2.481818181818182, 2.484848484848485, 2.487878787878788, 2.4909090909090907, 2.493939393939394, 2.496969696969697, 2.5], "H_norm_values": [[0.024113965687602493, 0.02288396641834229, 0.021920062256541372, 0.020368569009585075, 0.021619977268860432, 0.022008466314579013, 0.016701855335914284, 0.02351501429055328, 0.02452008502572719, 0.026118572135339576, 0.02785817728112385, 0.024007449362167733, 0.02289648872720338, 0.027991066954849615, 0.02529093281581158, 0.028168329462297314, 0.024317595341303972, 0.031485962525687645, 0.027945905624723773, 0.02395637588580644, 0.02804826662852938, 0.028489450619964215, 0.03276595691510289, 0.030845083448786177, 0.026681197910611302, 0.027219050682170395, 0.15443807229470782, 0.15756703052777749, 0.1594260340545804, 0.16036434094272278, 0.16266861510414843, 0.16401179585046977, 0.1648853056440997, 0.1667153981173317, 0.16783517895107616, 0.1691825119118703, 0.17075146583301645, 0.1725511646482209, 0.17385042618400162, 0.17613723284735175, 0.17815888340533306, 0.18096744538116943, 0.18259240140872948, 0.18346555961589484, 0.18598548380124946, 0.18897547609521692, 0.19092571960162869, 0.19206349309902065, 0.19316405384389515, 0.19458419730961693, 0.19591209955406153, 0.19761400905926468, 0.19912573592109628, 0.20038683968059637, 0.2015101497490786, 0.20275316052545717, 0.20420957698821765, 0.2057267906778794, 0.20660771003921088, 0.20754501429796665, 0.20872626983123224, 0.2098796178160799, 0.2108639222549888, 0.2116407425480553, 0.21284470573560127, 0.2137622752231291, 0.21524834185314082, 0.21602175946160632, 0.21721196850893826, 0.21856493804964344, 0.21985048024658443, 0.22129749223950884, 0.22261554029583988, 0.2238957610119536, 0.22513364390036655, 0.22601121168666627, 0.22702177524491665, 0.22771868918362528, 0.2285442822722963, 0.22949274932472952, 0.2305107583313082, 0.2314126547409816, 0.2323967720055459, 0.23317043058164275, 0.2338618134037561, 0.23464482654570487, 0.23561525142175158, 0.23624375619492033, 0.23713324216657938, 0.23794549507822063, 0.23848353154237725, 0.2396406478853306, 0.2403206080603416, 0.2406566936753647, 0.24137291544858958, 0.24180412119713593, 0.2425357168759315, 0.24291706717694966, 0.24366139120466718, 0.24452172744596515], [0.01934281207059759, 0.02212217688428417, 0.021476496625961107, 0.020693869456704546, 0.028119360247581982, 0.02101440708963531, 0.02811070863782476, 0.023330779487737475, 0.02188350162756515, 0.022293996006460825, 0.017864129096270984, 0.030004814535268688, 0.022828998370048297, 0.020617760285438092, 0.024708586111561577, 0.018758257917051054, 0.021661343653049763, 0.027255865178531295, 0.022762640759543616, 0.026408018363272435, 0.025415639605529197, 0.022224562386773748, 0.02568257436044554, 0.02464788715150189, 0.03089993159373442, 0.03454682914185653, 0.025763177777302602, 0.027185945592788353, 0.031109792485216184, 0.028067887615992652, 0.02931014479044682, 0.037550866576793136, 0.026995865151643126, 0.03303094817395344, 0.04076373975074392, 0.0281622977420195, 0.0926828238101507, 0.10664428732513773, 0.10842678530214257, 0.11399491744026635, 0.11766553447879231, 0.12072617413657578, 0.12087671374075776, 0.12353596430875427, 0.128900628326775, 0.1326445950891283, 0.14440024708475768, 0.14734793849129266, 0.15041420273753392, 0.15136149418964082, 0.1532779343625237, 0.15525289042910423, 0.156448773123397, 0.15804625394110788, 0.1607594259468388, 0.1617705373196671, 0.1636960408280132, 0.16604727856100057, 0.16789132970836435, 0.1692355569669071, 0.17095071511264862, 0.17293655538697494, 0.17445236227174746, 0.17527976318149707, 0.17718229360190882, 0.17857757788910758, 0.1794054723194902, 0.18083154395667345, 0.18220428919284692, 0.1841426881694144, 0.18549658488277462, 0.1860865821312177, 0.1873184011559298, 0.1884312878110709, 0.18942370450908186, 0.19039739740928416, 0.19121484438514624, 0.19241259626475976, 0.1932610043983745, 0.1939732558387828, 0.19516552046482738, 0.19621957910363402, 0.19729836195828038, 0.19746185153102175, 0.1982813930002483, 0.19849071231691767, 0.19893726287473948, 0.20029857850245233, 0.201032552103585, 0.20232848431225423, 0.203285568797784, 0.20419190543905807, 0.2048232690987678, 0.20605405141548452, 0.20694338119881103, 0.2075841992351616, 0.20847391889246933, 0.20911108813920307, 0.20997053602133836, 0.21060151450457795], [0.017727281947410436, 0.01668112955968701, 0.02030011322409014, 0.020531438291130837, 0.016896854420427515, 0.024062151557180292, 0.022180232144795177, 0.01945930812974217, 0.02018081134484436, 0.0224623925010411, 0.0143908892166306, 0.015452254448272128, 0.021520081522936885, 0.022789555005291187, 0.018989460767121796, 0.024513513739631558, 0.020820329300284414, 0.029757089028711194, 0.023403539284110993, 0.017795812991944684, 0.025629555872816904, 0.02514982066270586, 0.02202238085141293, 0.03287924681402381, 0.026216300279838387, 0.027709936202907456, 0.02492142101113998, 0.026548142133294074, 0.021480336888369745, 0.020951861384599563, 0.035006449646370785, 0.026766637577440515, 0.022155826780970965, 0.0347006989941767, 0.028489600284995833, 0.025183163501338163, 0.031198382033860973, 0.029811807221077322, 0.031075504239490563, 0.0305919099098914, 0.025308055336534428, 0.031588138697192396, 0.032232484954181476, 0.031745974213670904, 0.033020193795710986, 0.03665278106022597, 0.03753013270903534, 0.03822273907681978, 0.0375738883677825, 0.04890671795845019, 0.035470928430889254, 0.026613745972558066, 0.07270450005527981, 0.08096587105758044, 0.08298825658698349, 0.08777297769558848, 0.08972509184599457, 0.0924715895716451, 0.09376915380359582, 0.09331173680874653, 0.09356618233916013, 0.0958323153182744, 0.095161380905151, 0.09847693169585248, 0.09973374351627878, 0.10132083856244596, 0.10386722461305402, 0.10740798020929833, 0.10994460106396749, 0.10929324743828646, 0.1115120975352706, 0.11165517922356241, 0.11343857437891602, 0.11488421628047461, 0.11647495093296346, 0.11799094255130026, 0.11766910453300074, 0.12059882190828125, 0.12302524401395286, 0.12231324332507136, 0.12310218192457256, 0.1237459232552064, 0.1253736796460633, 0.1264943096222356, 0.12796369982633674, 0.12969975937130893, 0.1296752705354557, 