{"K_cpu": [0.0, 0.050505050505050504, 0.10101010101010101, 0.15151515151515152, 0.20202020202020202, 0.25252525252525254, 0.30303030303030304, 0.35353535353535354, 0.40404040404040403, 0.45454545454545453, 0.5050505050505051, 0.5555555555555556, 0.6060606060606061, 0.6565656565656566, 0.7070707070707071, 0.7575757575757576, 0.8080808080808081, 0.8585858585858586, 0.9090909090909091, 0.9595959595959596, 1.0101010101010102, 1.0606060606060606, 1.1111111111111112, 1.1616161616161615, 1.2121212121212122, 1.2626262626262625, 1.3131313131313131, 1.3636363636363635, 1.4141414141414141, 1.4646464646464645, 1.5151515151515151, 1.5656565656565655, 1.6161616161616161, 1.6666666666666667, 1.7171717171717171, 1.7676767676767677, 1.8181818181818181, 1.8686868686868687, 1.9191919191919191, 1.9696969696969697, 2.0202020202020203, 2.0707070707070705, 2.121212121212121, 2.1717171717171717, 2.2222222222222223, 2.2727272727272725, 2.323232323232323, 2.3737373737373737, 2.4242424242424243, 2.474747474747475, 2.525252525252525, 2.5757575757575757, 2.6262626262626263, 2.676767676767677, 2.727272727272727, 2.7777777777777777, 2.8282828282828283, 2.878787878787879, 2.929292929292929, 2.9797979797979797, 3.0303030303030303, 3.080808080808081, 3.131313131313131, 3.1818181818181817, 3.2323232323232323, 3.282828282828283, 3.3333333333333335, 3.3838383838383836, 3.4343434343434343, 3.484848484848485, 3.5353535353535355, 3.5858585858585856, 3.6363636363636362, 3.686868686868687, 3.7373737373737375, 3.7878787878787876, 3.8383838383838382, 3.888888888888889, 3.9393939393939394, 3.9898989898989896, 4.040404040404041, 4.090909090909091, 4.141414141414141, 4.191919191919192, 4.242424242424242, 4.292929292929293, 4.343434343434343, 4.393939393939394, 4.444444444444445, 4.494949494949495, 4.545454545454545, 4.595959595959596, 4.646464646464646, 4.696969696969697, 4.747474747474747, 4.797979797979798, 4.848484848484849, 4.898989898989899, 4.94949494949495, 5.0], "H_norm_values": [[0.13723814743474755, 0.2025237829782853, 0.1215591217865786, 0.14720114230362955, 0.16773890446543022, 0.1716503648895531, 0.1254537947673931, 0.16528697026467035, 0.22201988311425797, 0.1918333218747232, 0.1640349134048902, 0.18868240995302143, 0.22931632143429784, 0.19681904388382623, 0.1763221685712397, 0.17871260498079278, 0.22911440745191236, 0.19953190569446708, 0.19878891585660063, 0.2717271791409746, 0.21361203301029713, 0.22318185832918325, 0.2336216819471107, 0.2602680320583423, 0.3096330481326422, 0.2665980647852239, 0.1893695356781104, 0.29616786825787816, 0.24009289135871112, 0.24489342407573397, 0.3500791224058955, 0.2475816650705155, 0.21546977589618285, 0.2773927075419943, 0.3310459467699492, 0.35930751822467827, 0.27535315663734733, 0.32894631142304137, 0.3914426954044624, 0.35158096206947376, 0.4039072167829083, 0.3809160349106321, 0.33459579755472085, 0.48954281526958365, 0.533744439205927, 0.4505981393509904, 0.6390999479081376, 0.72989738425722, 0.7889770350294992, 0.8035697642221071, 0.8532154929557592, 0.8994233936152299, 0.9087453306277271, 0.9404433087023087, 0.993947800106504, 0.988511800646331, 1.0053300913683583, 1.019388201136681, 1.0144343646661003, 1.0442943127073785, 1.0649754414431944, 1.0815436101941451, 1.096874463506226, 1.1083066011028964, 1.118923812854898, 1.1422960848072363, 1.1556745842789258, 1.1778548664986515, 1.189795767016999, 1.2000601656041228, 1.2256155758410767, 1.2390468642887957, 1.2547219218534982, 1.2617705511956725, 1.267899105795147, 1.278715919848436, 1.2817999600649357, 1.290774888761079, 1.3001701401883454, 1.3051650574581655, 1.3184555244891893, 1.3248465377909573, 1.3300313826066854, 1.3363882037917376, 1.346006990587858, 1.3485196838974294, 1.3565653528732233, 1.3658065608527812, 1.3706869426094597, 1.3772069351434584, 1.3760772573707196, 1.3797142438791876, 1.3880844645557926, 1.391790073136063, 1.3939208528692018, 1.4057440515001296, 1.412051470338936, 1.4228285471417128, 1.4269157032080853, 1.4317399202016807], [0.1609913071161233, 0.1638698087498028, 0.17551340057694975, 0.18829631473334912, 0.16269452562305142, 0.21587273524796757, 0.17932070651769555, 0.15468514955403048, 0.20497445699659006, 0.2074687345483019, 0.20022849659591466, 0.1754667904294619, 0.1428653224475471, 0.18980306122118754, 0.198231534284981, 0.1701998001687142, 0.1835636872150328, 0.16586348661126304, 0.2259952697691687, 0.22834895133339228, 0.26587995567356953, 0.2264959076218084, 0.20358695662828769, 0.19886701818400346, 0.2414482289905876, 0.2543340927387813, 0.21914810940284402, 0.27650448638172376, 0.2324496329842873, 0.2920508138643273, 0.29826422187598645, 0.2585657546925777, 0.2062670150987273, 0.23466672981810788, 0.30787672145315176, 0.2453801116865171, 0.3911789182705901, 0.27884371964388655, 0.4265140831115648, 0.2195316894475706, 0.3628519921542101, 0.3085876689347615, 0.2605706332590336, 0.39356849145668343, 0.5182424067671912, 0.373476571067249, 0.6038396006946938, 0.6459628695486809, 0.6697289887342056, 0.6660871548474265, 0.7505035543459574, 0.7255284289466196, 0.746819012608424, 0.7832572838663842, 0.8288979232258783, 0.8290285205616278, 0.8996999921829412, 0.9368556575203508, 0.9818140903933503, 1.0100905248830858, 1.0479410892246173, 1.0739625657070322, 1.0902396169506872, 1.1054109770875962, 1.1275801500769251, 1.127749872890881, 1.1306268675696625, 1.1463957558849693, 1.1564840485224195, 1.160438790991373, 1.1684312069701606, 1.1759448134524932, 1.182522063071269, 1.1929596303268715, 1.186165605011249, 1.1942385057549787, 1.217372922314889, 1.2255914556004905, 1.218798913836402, 1.2208112369532134, 1.2476066922669589, 1.2358243750625675, 1.2571615562322396, 1.2764858155573309, 1.2873202231732024, 1.2819660116841185, 1.2933021194623457, 1.3077640980249012, 1.3264367371024903, 1.331382781853766, 1.336045843292436, 1.3456394812933694, 1.3481459000778802, 1.3563304985153288, 1.3564317113062636, 1.3671452573506009, 1.3751013838210813, 1.3729574736412131, 1.3853974244811675, 1.398102381678295]], "L_values": [0.0, 0.5]}