{"K_cpu": [0.0, 0.050505050505050504, 0.10101010101010101, 0.15151515151515152, 0.20202020202020202, 0.25252525252525254, 0.30303030303030304, 0.35353535353535354, 0.40404040404040403, 0.45454545454545453, 0.5050505050505051, 0.5555555555555556, 0.6060606060606061, 0.6565656565656566, 0.7070707070707071, 0.7575757575757576, 0.8080808080808081, 0.8585858585858586, 0.9090909090909091, 0.9595959595959596, 1.0101010101010102, 1.0606060606060606, 1.1111111111111112, 1.1616161616161615, 1.2121212121212122, 1.2626262626262625, 1.3131313131313131, 1.3636363636363635, 1.4141414141414141, 1.4646464646464645, 1.5151515151515151, 1.5656565656565655, 1.6161616161616161, 1.6666666666666667, 1.7171717171717171, 1.7676767676767677, 1.8181818181818181, 1.8686868686868687, 1.9191919191919191, 1.9696969696969697, 2.0202020202020203, 2.0707070707070705, 2.121212121212121, 2.1717171717171717, 2.2222222222222223, 2.2727272727272725, 2.323232323232323, 2.3737373737373737, 2.4242424242424243, 2.474747474747475, 2.525252525252525, 2.5757575757575757, 2.6262626262626263, 2.676767676767677, 2.727272727272727, 2.7777777777777777, 2.8282828282828283, 2.878787878787879, 2.929292929292929, 2.9797979797979797, 3.0303030303030303, 3.080808080808081, 3.131313131313131, 3.1818181818181817, 3.2323232323232323, 3.282828282828283, 3.3333333333333335, 3.3838383838383836, 3.4343434343434343, 3.484848484848485, 3.5353535353535355, 3.5858585858585856, 3.6363636363636362, 3.686868686868687, 3.7373737373737375, 3.7878787878787876, 3.8383838383838382, 3.888888888888889, 3.9393939393939394, 3.9898989898989896, 4.040404040404041, 4.090909090909091, 4.141414141414141, 4.191919191919192, 4.242424242424242, 4.292929292929293, 4.343434343434343, 4.393939393939394, 4.444444444444445, 4.494949494949495, 4.545454545454545, 4.595959595959596, 4.646464646464646, 4.696969696969697, 4.747474747474747, 4.797979797979798, 4.848484848484849, 4.898989898989899, 4.94949494949495, 5.0], "H_norm_values": [[0.006025605756346208, 0.006296501267906769, 0.006498942561781476, 0.005694470925801092, 0.006514385750441069, 0.00675402870210942, 0.006606831655449392, 0.007524386803752731, 0.006772795985230733, 0.007044752801196987, 0.007341795950129541, 0.00694630541585923, 0.007538682563016835, 0.0075367019383184115, 0.006951010020118332, 0.008439742025802856, 0.008725102190965117, 0.008066718819122581, 0.00893191409467159, 0.007778840000834147, 0.0073452048025516685, 0.007905800369093845, 0.007926402467068466, 0.008145644587106423, 0.00875818936577816, 0.010986783445939128, 0.00942130566390773, 0.010108067924671976, 0.00994289171036405, 0.010309030494001455, 0.012637159710548412, 0.011834486129488259, 0.01079223125620707, 0.01189630019852402, 0.011350819596838146, 0.011466888242502098, 0.012180671240726934, 0.017992629458168166, 0.017547722831362404, 0.012953116854699168, 0.013867799189974234, 0.01736859890632677, 0.01974018438911212, 0.023546765902573975, 0.021363773712437424, 0.028352202863390474, 0.1800058301304463, 0.20595042320141058, 0.22508669458315694, 0.23912857482707495, 0.2501214939832535, 0.26234464282619385, 0.27276979312632704, 0.28197141382428526, 0.2902295269065766, 0.2977079242589712, 0.3042103963797749, 0.30905803617454003, 0.3132232562050601, 0.317078474644815, 0.3205406502410026, 0.3236914287252372, 0.32643932697744404, 0.3293579868927282, 0.33207866291487625, 0.33420006075870373, 0.3362018150669332, 0.3379436194028419, 0.3395958705793462, 0.34096399863910526, 0.3420929317660566, 0.3432926908617612, 0.3445303550310937, 0.345606627318597, 0.3464411553395184, 0.34704787398667236, 0.3476872105458434, 0.34829386022530473, 0.3486384785737125, 0.3489352404051384, 0.34919096322029297, 0.3495587095961533, 0.34982449342729294, 0.34985643042297354, 0.349714798297772, 0.34958062606707824, 0.34944383527058515, 0.3492137322985089, 0.3489995334102517, 0.3488843271628723, 0.34858124180377437, 0.3482173955107084, 0.34782039456404845, 0.3472895668609179, 0.34691279910610023, 0.3464153946810613, 0.3459313155115243, 0.3453845996442578, 0.3448619097144886, 0.3443147599396368], [0.0064508739780354115, 0.006406198151494454, 0.006666596013725189, 0.007003120267128201, 0.006175691287426395, 0.0073810744787861675, 0.006824237840236316, 0.007308180172186575, 0.0071897485884634595, 0.007511735902707119, 0.007443729236520582, 0.007569972458620982, 0.00708201096387952, 0.008079934563525843, 0.007612447414016723, 0.007402940541535198, 0.007891012177623564, 0.008318630844233385, 0.00849657646588877, 0.007679592887835378, 0.008037645820802835, 0.00937705628208354, 0.009328840700544698, 0.009667774427315302, 0.009615996099163387, 0.01031131829107559, 0.008406969569941952, 0.008744802327174334, 0.009872571693846317, 0.009717304936094991, 0.01019260683928557, 0.010868375411165775, 0.011907254701957555, 0.012555422322575248, 0.011897238850845478, 0.014470861249227713, 0.012242600835801953, 0.013723647291594634, 0.014761798195770498, 0.017120782995371012, 0.017921277693960975, 0.018235675677895333, 0.01778440721097191, 0.02201614554160233, 0.023630671642734566, 0.028616914019540373, 0.1197849154449965, 0.16686820514417672, 0.1896338064145345, 0.20342637605716185, 0.21933064242348496, 0.23477256290582696, 0.2457502415225368, 0.2555164136388518, 0.2649799129089027, 0.271772595593286, 0.27781490505787604, 0.2832715907523868, 0.28892702973342216, 0.29416330641433125, 0.29844789642230635, 0.3026216328213484, 0.3066622413496929, 0.3101391643543571, 0.31317164630559646, 0.3163144502137012, 0.31938995532838, 0.32217961734144146, 0.32459010669735444, 0.32668880658419636, 0.32856230339602294, 0.33047339554431066, 0.3320442956677265, 0.3332299811537158, 0.33439709245664395, 0.33572698197204376, 0.3368421395123523, 0.33793048457750785, 0.338914934990982, 0.3397564026837618, 0.3403258472339231, 0.3409533840992135, 0.34138989394142355, 0.34187486664976363, 0.3424396467143717, 0.34302181376913066, 0.34348384989912184, 0.343767360273038, 0.34404338395389544, 0.3444516110086332, 0.3447661424983097, 0.3449220872114609, 0.3451343921831225, 0.3452582625987472, 0.3454597650922993, 0.3456925275789335, 0.34591362015478355, 0.3458735683638185, 0.34581141540885596, 0.3459206865227934], [0.007211375014479638, 0.00719599108886277, 0.007495289509876131, 0.007769281792692921, 0.006879232455775356, 0.00807743785718483, 0.007527934133397357, 0.008062043192721241, 0.007834996686093542, 0.008190466205243833, 0.008249031981189514, 0.00812594124605102, 0.007717052026891469, 0.008662897908906342, 0.00814421859319596, 0.008031163418693496, 0.008340809760122716, 0.008853486761758825, 0.009030752430844417, 0.008256767353926804, 0.00862347367098588, 0.009150571885696146, 0.010569675321967682, 0.010412869809879589, 0.00979208157103505, 0.010078770936369528, 0.010622222699612691, 0.01014530721400357, 0.010085477733951976, 0.010138678478063962, 0.011273608802351748, 0.011145088704728842, 0.010939498692534076, 0.011692977803867823, 0.012065863451883535, 0.011919655743123932, 0.013522945035920428, 0.013611795068345959, 0.014288936120004786, 0.014671930254583535, 0.01762550051210755, 0.015780714739414902, 0.020579385697051082, 0.018212901676297247, 0.025081710030245116, 0.02590149402156816, 0.031810501560968145, 0.09199397934150301, 0.11498786477237269, 0.13623112708012433, 0.15658912099187372, 0.1714264994204577, 0.18232769252507672, 0.19029412663910816, 0.1990798543149609, 0.20795838686711948, 0.21687528323898314, 0.22436570307049433, 0.2311499469449338, 0.2360113934714672, 0.2406853002027544, 0.24519525522938052, 0.2487943979007987, 0.2522571991985438, 0.25573961230892844, 0.2585745036050156, 0.2615855779266817, 0.26437339505556706, 0.26773429532718246, 0.2705588084584573, 0.2727911094208862, 0.2750996659692753, 0.27749396447617947, 0.27982430108047796, 0.281614675753084, 0.2834562682065026, 0.2852583829500593, 0.286878554564251, 0.28855061185988, 0.29041189241336735, 0.291806870626306, 0.2932279788007338, 0.29455169188046076, 0.29565211012847836, 0.29692983770795156, 