{"K_cpu": [2.2, 2.203030303030303, 2.206060606060606, 2.2090909090909094, 2.2121212121212124, 2.2151515151515153, 2.2181818181818183, 2.221212121212121, 2.2242424242424246, 2.2272727272727275, 2.2303030303030305, 2.2333333333333334, 2.2363636363636363, 2.2393939393939397, 2.2424242424242427, 2.2454545454545456, 2.2484848484848485, 2.2515151515151515, 2.254545454545455, 2.257575757575758, 2.2606060606060607, 2.2636363636363637, 2.2666666666666666, 2.26969696969697, 2.272727272727273, 2.275757575757576, 2.278787878787879, 2.2818181818181817, 2.284848484848485, 2.287878787878788, 2.290909090909091, 2.293939393939394, 2.296969696969697, 2.3000000000000003, 2.303030303030303, 2.306060606060606, 2.309090909090909, 2.312121212121212, 2.3151515151515154, 2.3181818181818183, 2.3212121212121213, 2.324242424242424, 2.327272727272727, 2.3303030303030305, 2.3333333333333335, 2.3363636363636364, 2.3393939393939394, 2.3424242424242427, 2.3454545454545457, 2.3484848484848486, 2.3515151515151516, 2.3545454545454545, 2.357575757575758, 2.360606060606061, 2.3636363636363638, 2.3666666666666667, 2.3696969696969696, 2.372727272727273, 2.375757575757576, 2.378787878787879, 2.381818181818182, 2.3848484848484848, 2.387878787878788, 2.390909090909091, 2.393939393939394, 2.396969696969697, 2.4, 2.4030303030303033, 2.4060606060606062, 2.409090909090909, 2.412121212121212, 2.415151515151515, 2.4181818181818184, 2.4212121212121214, 2.4242424242424243, 2.4272727272727272, 2.43030303030303, 2.4333333333333336, 2.4363636363636365, 2.4393939393939394, 2.4424242424242424, 2.4454545454545453, 2.4484848484848487, 2.4515151515151516, 2.4545454545454546, 2.4575757575757575, 2.4606060606060605, 2.463636363636364, 2.466666666666667, 2.4696969696969697, 2.4727272727272727, 2.4757575757575756, 2.478787878787879, 2.481818181818182, 2.484848484848485, 2.487878787878788, 2.4909090909090907, 2.493939393939394, 2.496969696969697, 2.5], "H_norm_values": [[0.024113965687602493, 0.02288396641834229, 0.021920062256541372, 0.020368569009585075, 0.021619977268860432, 0.022008466314579013, 0.016701855335914284, 0.02351501429055328, 0.02452008502572719, 0.026118572135339576, 0.02785817728112385, 0.024007449362167733, 0.02289648872720338, 0.027991066954849615, 0.02529093281581158, 0.028168329462297314, 0.024317595341303972, 0.031485962525687645, 0.027945905624723773, 0.02395637588580644, 0.02804826662852938, 0.028489450619964215, 0.03276595691510289, 0.030845083448786177, 0.026681197910611302, 0.027219050682170395, 0.15443807229470782, 0.15756703052777749, 0.1594260340545804, 0.16036434094272278, 0.16266861510414843, 0.16401179585046977, 0.1648853056440997, 0.1667153981173317, 0.16783517895107616, 0.1691825119118703, 0.17075146583301645, 0.1725511646482209, 0.17385042618400162, 0.17613723284735175, 0.17815888340533306, 0.18096744538116943, 0.18259240140872948, 0.18346555961589484, 0.18598548380124946, 0.18897547609521692, 0.19092571960162869, 0.19206349309902065, 0.19316405384389515, 0.19458419730961693, 0.19591209955406153, 0.19761400905926468, 0.19912573592109628, 0.20038683968059637, 0.2015101497490786, 0.20275316052545717, 0.20420957698821765, 0.2057267906778794, 0.20660771003921088, 0.20754501429796665, 0.20872626983123224, 0.2098796178160799, 0.2108639222549888, 0.2116407425480553, 0.21284470573560127, 0.2137622752231291, 0.21524834185314082, 0.21602175946160632, 0.21721196850893826, 0.21856493804964344, 0.21985048024658443, 0.22129749223950884, 0.22261554029583988, 0.2238957610119536, 0.22513364390036655, 0.22601121168666627, 0.22702177524491665, 0.22771868918362528, 0.2285442822722963, 0.22949274932472952, 0.2305107583313082, 0.2314126547409816, 0.2323967720055459, 0.23317043058164275, 0.2338618134037561, 0.23464482654570487, 0.23561525142175158, 0.23624375619492033, 0.23713324216657938, 0.23794549507822063, 0.23848353154237725, 0.2396406478853306, 0.2403206080603416, 0.2406566936753647, 0.24137291544858958, 0.24180412119713593, 0.2425357168759315, 0.24291706717694966, 0.24366139120466718, 0.24452172744596515], [0.019195337167389276, 0.02315951657122109, 0.02446132067618806, 0.017453244810030678, 0.02066340043560005, 0.017399871246005817, 0.023397974370234796, 0.022203382842941342, 0.021962186680782467, 0.02422792363080194, 0.02936726107703129, 0.022209981693429658, 0.020769502218069783, 0.021154725969288798, 0.025216734175122407, 0.02438741377409997, 0.02573388836047264, 0.02593159034353151, 0.02545932742166362, 0.02184457271683367, 0.022140042732334414, 0.02685943698500061, 0.029154043067923206, 0.01972023840042171, 0.027411313124665184, 0.024317492017006635, 0.023460332940034946, 0.020782312327766346, 0.025548750857823606, 0.023383009103412223, 0.023374841439970612, 0.020017225456678445, 0.026795738433722065, 0.02704032784847726, 0.022854554988839405, 0.023786426135224928, 0.023458956946257686, 0.022942075812105788, 0.021862734451833846, 0.03311765014392472, 0.026028745050019477, 0.024855872921707937, 0.03262732562684121, 0.03078152349691111, 0.027069915448969924, 0.032138705960462255, 0.029225049447854055, 0.032942914312412835, 0.04541944723309277, 0.037090718540388604, 0.033998106830919216, 0.038379022154448335, 0.040692830363022445, 0.03974082675396732, 0.03986745536496713, 0.026604287376819826, 0.055325836041879385, 0.055053638476578924, 0.04574962467107294, 0.06005078892732829, 0.07601510991554936, 0.07802202502896995, 0.08381768758744576, 0.08078903984847306, 0.0818942475330172, 0.08576120549348676, 0.08807153813141062, 0.08896610017542965, 0.08903660472857866, 0.09096850453568837, 0.09174857565148889, 0.09372612941488936, 0.09341076388405578, 0.09411155006241445, 0.09408210510150493, 0.09695681215922207, 0.09735371077758301, 0.09785843160294651, 0.09824206026378858, 0.09829468178837744, 0.09909761321189899, 0.10171162249819407, 0.10109067959007924, 0.10372565469077949, 0.10434475204586202, 0.10459963295193458, 0.10544838653261776, 0.10836569103848823, 0.10872706366024926, 0.109528113542245, 0.110314501036408, 0.11025081372668731, 0.11180750664067483, 0.11102114332955311, 0.11316633237512527, 0.11461581064175588, 0.11532167597875287, 0.11551839758929275, 0.11671954391110655, 0.11796478770015165], [0.021112806041799975, 0.017219178706357592, 0.021270221345987817, 0.020578655446092328, 0.023921536041997506, 0.019227244219939366, 0.023283374622239415, 0.025249754392999955, 0.022069276654295207, 0.02278833681809316, 0.018846223173311565, 0.02785444205353709, 0.018144371499323693, 0.020227807511996942, 0.01943068549125265, 0.025191294316806622, 0.024954896245571435, 0.025232452217828296, 0.028117435001185704, 0.022856807582243094, 0.023027712824677853, 0.02418127224818024, 0.024851735123424784, 0.028628848773804297, 0.026816111046337784, 0.019090536622087918, 0.02485315838380324, 0.024713122107608818, 0.02663710558300844, 0.026540422929483682, 0.02535431423763841, 0.03117770165201043, 0.03188364698253867, 0.020881117406746807, 0.027212508487508346, 0.026663189804069606, 0.02587324064452997, 0.03197012715149948, 0.03044740928693076, 0.02426001827087594, 0.030849025877420416, 0.028261601147576195, 0.021111386137619304, 0.03195785279659459, 0.030015529015845192, 0.0289820921146864, 0.03502255820420022, 0.02975578979828438, 0.03515484950756493, 0.0411992382698923, 0.02839687222199968, 0.032201336305048, 0.026109391400812414, 0.0320883794372416, 0.04068144764228472, 0.04589872104514944, 0.059395616892184644, 0.056719401920037854, 0.05572243007165482, 0.046495762043228306, 0.05231576776278773, 0.07297117793062781, 0.06033285374076479, 0.07772084141423387, 0.07556629184281688, 0.07877005332225319, 0.08179081025294975, 0.07837060662933999, 0.08121911299462567, 0.08098867276113024, 0.0839502615004444, 0.08740067337163258, 0.08822646372393819, 0.08747355568504851, 0.09105627505828583, 0.08825588686850858, 0.09249581844595514, 0.09284502887147067, 0.09284755708721808, 0.09425101453325822, 0.09612849953191516, 0.09654610069225858, 0.0967153395635669, 0.09847462409098086, 0.09630778768844556, 