{"alpha_values": [0.001, 1], "delta_rho_1": [-0.000606070556495121, -0.00028780377396303916], "delta_rho_2": [0.0005011072877018786, 0.0007598567463087125]}