{"alpha_values": [0.001, 1], "delta_rho_1": [-0.0008083856661081842, -0.0019447124730624411], "delta_rho_2": [4.1336922296131284e-05, -0.0003056905782811703]}