{"alpha_values": [0.001, 1], "delta_rho_1": [3.5343764616779794e-05, 7.818050443719748e-05], "delta_rho_2": [-1.123970429428578e-05, 2.8976860910745472e-08]}