{"L_values": [0.0, 0.030303030303030304, 0.06060606060606061, 0.09090909090909091, 0.12121212121212122, 0.15151515151515152, 0.18181818181818182, 0.21212121212121213, 0.24242424242424243, 0.2727272727272727, 0.30303030303030304, 0.33333333333333337, 0.36363636363636365, 0.3939393939393939, 0.42424242424242425, 0.4545454545454546, 0.48484848484848486, 0.5151515151515151, 0.5454545454545454, 0.5757575757575758, 0.6060606060606061, 0.6363636363636364, 0.6666666666666667, 0.696969696969697, 0.7272727272727273, 0.7575757575757576, 0.7878787878787878, 0.8181818181818182, 0.8484848484848485, 0.8787878787878788, 0.9090909090909092, 0.9393939393939394, 0.9696969696969697, 1.0, 1.0303030303030303, 1.0606060606060606, 1.0909090909090908, 1.1212121212121213, 1.1515151515151516, 1.1818181818181819, 1.2121212121212122, 1.2424242424242424, 1.2727272727272727, 1.303030303030303, 1.3333333333333335, 1.3636363636363638, 1.393939393939394, 1.4242424242424243, 1.4545454545454546, 1.4848484848484849, 1.5151515151515151, 1.5454545454545454, 1.5757575757575757, 1.6060606060606062, 1.6363636363636365, 1.6666666666666667, 1.696969696969697, 1.7272727272727273, 1.7575757575757576, 1.7878787878787878, 1.8181818181818183, 1.8484848484848486, 1.878787878787879, 1.9090909090909092, 1.9393939393939394, 1.9696969696969697, 2.0, 2.0303030303030303, 2.0606060606060606, 2.090909090909091, 2.121212121212121, 2.1515151515151514, 2.1818181818181817, 2.2121212121212124, 2.2424242424242427, 2.272727272727273, 2.303030303030303, 2.3333333333333335, 2.3636363636363638, 2.393939393939394, 2.4242424242424243, 2.4545454545454546, 2.484848484848485, 2.515151515151515, 2.5454545454545454, 2.5757575757575757, 2.606060606060606, 2.6363636363636362, 2.666666666666667, 2.6969696969696972, 2.7272727272727275, 2.757575757575758, 2.787878787878788, 2.8181818181818183, 2.8484848484848486, 2.878787878787879, 2.909090909090909, 2.9393939393939394, 2.9696969696969697, 3.0], "rho_ratios": [1.0207736951689828, 1.023988876038141, 1.0278076581843756, 1.0124193814421083, 1.0315367980750634, 1.037146533519497, 1.0361703192663054, 1.0377710486275105, 1.032678969973965, 1.0480843050928343, 1.0594165536968971, 1.0244601669511826, 1.0690411730730158, 1.0510573144289796, 1.032428537400191, 1.0490727998546805, 1.1115447909257041, 1.1087857357794406, 1.0838440456595253, 1.1161323009413906, 1.1173250324395227, 1.1022346601480735, 1.1213852184305273, 1.1134422877863215, 1.1478017310297928, 1.1648169192943627, 1.1650041004702507, 1.1662681212436068, 1.1603560443685308, 1.1179233780590394, 1.163388451597454, 1.121760628474321, 1.1061736178257546, 1.114711590650171, 1.101013078871698, 1.0531674131058548, 1.0567762641208636, 1.08302946694304, 1.017650673349568, 1.0156743626081723, 1.0022449958533644, 0.9888074398811774, 0.9269466108849841, 0.9749350629343781, 0.9531694789610241, 0.945333423179644, 0.9128847174427315, 0.904149849978614, 0.9195835201368949, 0.8589334277694464, 0.898182791325785, 0.8506915708215091, 0.8578904945519402, 0.8506945366052004, 0.812313049807152, 0.7507330192667867, 0.8214212201939283, 0.7967024375434322, 0.7824929489721558, 0.7609306865257711, 0.7419371628009208, 0.7758571061758582, 0.7519154083860309, 0.7836982294846411, 0.7733917823669354, 0.758449302990883, 0.6461548591479405, 0.7493527738625914, 0.6473194503027709, 0.6053370408992127, 0.6913711189969416, 0.6318546932981666, 0.6576013276731711, 0.6153278633230836, 0.6675481758334809, 0.5851372890963986, 0.6928503485755403, 0.6943134773334576, 0.6691963845834371, 0.6706051024782433, 0.6352081958558192, 0.5296592649665298, 0.6184332533260245, 0.42310642061319087, 0.5378276410142614, 0.505794259650795, 0.5053639068399105, 0.6111971672728868, 0.61836076432916, 0.45031496644757013, 0.6006316970959732, 0.4290174379301638, 0.5350420482644911, 0.5088972650137755, 0.41151683630576935, 0.6488369196300533, 0.2851158684725743, 0.39726658685981436, 0.3991916061184391, 0.44715555308769905]}
