{"L_values": [0.0, 0.030303030303030304, 0.06060606060606061, 0.09090909090909091, 0.12121212121212122, 0.15151515151515152, 0.18181818181818182, 0.21212121212121213, 0.24242424242424243, 0.2727272727272727, 0.30303030303030304, 0.33333333333333337, 0.36363636363636365, 0.3939393939393939, 0.42424242424242425, 0.4545454545454546, 0.48484848484848486, 0.5151515151515151, 0.5454545454545454, 0.5757575757575758, 0.6060606060606061, 0.6363636363636364, 0.6666666666666667, 0.696969696969697, 0.7272727272727273, 0.7575757575757576, 0.7878787878787878, 0.8181818181818182, 0.8484848484848485, 0.8787878787878788, 0.9090909090909092, 0.9393939393939394, 0.9696969696969697, 1.0, 1.0303030303030303, 1.0606060606060606, 1.0909090909090908, 1.1212121212121213, 1.1515151515151516, 1.1818181818181819, 1.2121212121212122, 1.2424242424242424, 1.2727272727272727, 1.303030303030303, 1.3333333333333335, 1.3636363636363638, 1.393939393939394, 1.4242424242424243, 1.4545454545454546, 1.4848484848484849, 1.5151515151515151, 1.5454545454545454, 1.5757575757575757, 1.6060606060606062, 1.6363636363636365, 1.6666666666666667, 1.696969696969697, 1.7272727272727273, 1.7575757575757576, 1.7878787878787878, 1.8181818181818183, 1.8484848484848486, 1.878787878787879, 1.9090909090909092, 1.9393939393939394, 1.9696969696969697, 2.0, 2.0303030303030303, 2.0606060606060606, 2.090909090909091, 2.121212121212121, 2.1515151515151514, 2.1818181818181817, 2.2121212121212124, 2.2424242424242427, 2.272727272727273, 2.303030303030303, 2.3333333333333335, 2.3636363636363638, 2.393939393939394, 2.4242424242424243, 2.4545454545454546, 2.484848484848485, 2.515151515151515, 2.5454545454545454, 2.5757575757575757, 2.606060606060606, 2.6363636363636362, 2.666666666666667, 2.6969696969696972, 2.7272727272727275, 2.757575757575758, 2.787878787878788, 2.8181818181818183, 2.8484848484848486, 2.878787878787879, 2.909090909090909, 2.9393939393939394, 2.9696969696969697, 3.0], "rho_ratios": [0.9017532283659282, 1.1811451944794142, 0.949624196940699, 0.969210469735821, 0.9967247199493965, 0.9556230839707164, 0.887723375671419, 0.965904285986597, 0.8221277023598973, 0.9799597977031841, 0.9523777958115937, 0.9435994647282064, 1.048782376001878, 1.0563438578701498, 1.07728141675432, 1.0698641199640233, 1.1754767374140305, 0.9205534605484323, 1.0435242019860014, 1.332731461268435, 1.0287350678334382, 1.1983249481608136, 1.1759522829130453, 0.9202723408710626, 0.9046085366184768, 1.2401115965713527, 0.965348419674729, 1.036320422021136, 0.9987498027673397, 1.1514770942398522, 1.138253335914223, 1.3150265523744598, 1.5208237275742842, 1.341090897676617, 0.8985131073446332, 0.4872537387641357, 0.830864657195493, 1.1412887871001327, 1.049723934988494, 0.7970733742633088, 0.8582578738251602, 1.056711420240328, 0.9165659297184008, 0.9173132834013699, 1.2174186090696666, 1.2534664519445684, 0.8307666562070665, 0.7599479866182218, 0.7913276014917571, 0.6045585849548044, 0.8774020073744483, 0.5776691922604331, 0.5948088254332686, 0.7800558586989703, 0.7062458916520298, 0.9286385897037263, 0.6661169785311565, 0.8867165033988988, 0.6630593023066905, 0.5711223691056488, 0.663973850264011, 0.6448277213705124, 0.8288788624473344, 0.6232898409030329, 0.887431850175168, 0.6982337164032086, 0.5475046084532572, 1.2589660167071994, 0.2691537852520444, 0.8722103490967588, 1.1377936879345254, 0.4377066575696256, 0.61594775601424, 0.6430667251286487, 0.39136016843723564, 0.733458844304239, 1.0375621522966008, 0.8464022045949801, 1.0512661163380854, 0.7343878212162507, 0.33223834051393325, 0.9417798056522361, 1.4945686166901828, 0.9404942186825381, 0.5120190679246654, 0.8324482340695555, 1.3956987414340887, 0.44518145120282604, 1.3546990265177499, 0.6677858704691162, 0.03591622036866465, 1.4302044427822844, 1.0614541809469524, 0.48035041814212626, 0.5593001974505527, 0.7408950832865926, 1.7691407619029214, 0.050073538017217416, 0.7016903957452166, 1.4178713128190834]}