{"theta_centers": [-3.1101767270538954, -3.047344873982099, -2.9845130209103035, -2.921681167838508, -2.8588493147667116, -2.796017461694916, -2.7331856086231197, -2.670353755551324, -2.6075219024795286, -2.5446900494077322, -2.4818581963359367, -2.4190263432641403, -2.356194490192345, -2.293362637120549, -2.230530784048753, -2.1676989309769574, -2.104867077905161, -2.0420352248333655, -1.9792033717615696, -1.9163715186897736, -1.853539665617978, -1.790707812546182, -1.7278759594743862, -1.6650441064025903, -1.6022122533307943, -1.5393804002589984, -1.4765485471872026, -1.4137166941154067, -1.350884841043611, -1.288052987971815, -1.225221134900019, -1.1623892818282233, -1.0995574287564274, -1.0367255756846316, -0.9738937226128357, -0.9110618695410397, -0.848230016469244, -0.7853981633974481, -0.7225663103256521, -0.6597344572538564, -0.5969026041820604, -0.5340707511102647, -0.47123889803846875, -0.40840704496667285, -0.345575191894877, -0.2827433388230811, -0.21991148575128527, -0.15707963267948938, -0.09424777960769352, -0.031415926535897656, 0.03141592653589821, 0.09424777960769408, 0.15707963267948993, 0.21991148575128583, 0.28274333882308167, 0.34557519189487756, 0.4084070449666734, 0.47123889803846924, 0.5340707511102651, 0.5969026041820611, 0.6597344572538568, 0.7225663103256528, 0.7853981633974487, 0.8482300164692445, 0.9110618695410404, 0.9738937226128361, 1.036725575684632, 1.099557428756428, 1.1623892818282238, 1.2252211349000197, 1.2880529879718154, 1.3508848410436114, 1.4137166941154073, 1.4765485471872033, 1.539380400258999, 1.602212253330795, 1.6650441064025907, 1.7278759594743867, 1.7907078125461826, 1.8535396656179783, 1.9163715186897743, 1.9792033717615702, 2.042035224833366, 2.104867077905162, 2.1676989309769574, 2.230530784048754, 2.2933626371205493, 2.3561944901923457, 2.4190263432641412, 2.4818581963359367, 2.544690049407733, 2.6075219024795286, 2.670353755551325, 2.7331856086231205, 2.796017461694916, 2.8588493147667124, 2.921681167838508, 2.9845130209103043, 3.0473448739821, 3.1101767270538954], "hist": [0.0049, 0.005, 0.0047, 0.004, 0.0053, 0.0048, 0.0067, 0.0049, 0.005, 0.0053, 0.0043, 0.0062, 0.0079, 0.0074, 0.0065, 0.0088, 0.008, 0.0113, 0.0122, 0.0115, 0.0129, 0.0129, 0.0148, 0.0155, 0.0146, 0.0155, 0.0169, 0.0184, 0.0187, 0.0203, 0.0206, 0.0212, 0.0213, 0.022, 0.023, 0.0223, 0.0217, 0.0187, 0.0209, 0.0186, 0.0182, 0.0161, 0.0175, 0.0167, 0.0163, 0.014, 0.015, 0.0142, 0.0155, 0.0134, 0.0122, 0.0121, 0.0106, 0.0104, 0.0099, 0.0108, 0.0095, 0.0097, 0.0129, 0.0068, 0.0086, 0.0083, 0.0091, 0.0076, 0.009, 0.0098, 0.01, 0.0076, 0.0079, 0.0072, 0.0084, 0.0064, 0.0058, 0.0062, 0.0063, 0.006, 0.0051, 0.0046, 0.0063, 0.0052, 0.0067, 0.0041, 0.0053, 0.004, 0.0068, 0.0057, 0.0038, 0.0045, 0.003, 0.004, 0.0035, 0.0041, 0.0043, 0.0046, 0.0036, 0.0044, 0.0026, 0.0037, 0.004, 0.0046]}