{"L_values": [0.1, 0.1292929292929293, 0.15858585858585858, 0.18787878787878787, 0.21717171717171718, 0.24646464646464647, 0.27575757575757576, 0.305050505050505, 0.33434343434343433, 0.36363636363636365, 0.3929292929292929, 0.4222222222222222, 0.4515151515151515, 0.4808080808080808, 0.51010101010101, 0.5393939393939393, 0.5686868686868687, 0.597979797979798, 0.6272727272727272, 0.6565656565656566, 0.6858585858585858, 0.7151515151515151, 0.7444444444444444, 0.7737373737373737, 0.803030303030303, 0.8323232323232322, 0.8616161616161616, 0.8909090909090909, 0.9202020202020201, 0.9494949494949494, 0.9787878787878788, 1.008080808080808, 1.0373737373737373, 1.0666666666666667, 1.0959595959595958, 1.1252525252525252, 1.1545454545454545, 1.1838383838383837, 1.213131313131313, 1.2424242424242424, 1.2717171717171716, 1.301010101010101, 1.3303030303030303, 1.3595959595959595, 1.3888888888888888, 1.418181818181818, 1.4474747474747474, 1.4767676767676767, 1.5060606060606059, 1.5353535353535352, 1.5646464646464646, 1.5939393939393938, 1.6232323232323231, 1.6525252525252525, 1.6818181818181817, 1.711111111111111, 1.7404040404040404, 1.7696969696969695, 1.798989898989899, 1.828282828282828, 1.8575757575757574, 1.8868686868686868, 1.916161616161616, 1.9454545454545453, 1.9747474747474747, 2.004040404040404, 2.033333333333333, 2.0626262626262624, 2.091919191919192, 2.121212121212121, 2.1505050505050503, 2.17979797979798, 2.209090909090909, 2.238383838383838, 2.2676767676767677, 2.296969696969697, 2.326262626262626, 2.355555555555555, 2.3848484848484848, 2.414141414141414, 2.443434343434343, 2.4727272727272727, 2.502020202020202, 2.531313131313131, 2.5606060606060606, 2.5898989898989897, 2.619191919191919, 2.6484848484848484, 2.6777777777777776, 2.7070707070707067, 2.7363636363636363, 2.7656565656565655, 2.7949494949494946, 2.824242424242424, 2.8535353535353534, 2.8828282828282825, 2.912121212121212, 2.9414141414141413, 2.9707070707070704, 3.0], "phi_vals": [1.5358764360110453, 1.5256384042987012, 1.515462743978083, 1.5053164252565532, 1.4951548540313107, 1.4850106645084185, 1.474885418849008, 1.4648942593499976, 1.45491073398183, 1.4450836426595777, 1.4352927453563913, 1.4256925985871731, 1.4158439989573657, 1.4060222722191211, 1.396583492571999, 1.3871939254817789, 1.378069405210803, 1.3691781877468365, 1.3609992678808884, 1.3535162461892325, 1.346404440947048, 1.3399061321990584, 1.334054458340558, 1.3287217639408613, 1.3238746151010274, 1.3196389918113023, 1.3159152189176502, 1.3124848887177483, 1.309573986486844, 1.3068988061179987, 1.304631607481332, 1.3025739559892366, 1.3006962493037877, 1.2989750004311629, 1.297361371368857, 1.295868166423729, 1.2945058465979025, 1.2932677537922959, 1.2921602533734209, 1.2911764513440613, 1.2903085895366617, 1.2894525938397121, 1.288610566783503, 1.2878686147588991, 1.2871375776192067, 1.286490364113868, 1.2858535518690895, 1.2851835563942777, 1.2847562580420724, 1.2841945707169349, 1.283726620190205, 1.2833595219931933, 1.282839708657828, 1.2824985716506028, 1.282077768818158, 1.281735676925755, 1.2814642649919155, 1.2809943326273063, 1.2807283536972183, 1.2803690744247325, 1.2802465647962609, 1.279856314865048, 1.2797202171882671, 1.2793172669418384, 1.2790303817907729, 1.2787700413077538, 1.278718734480287, 1.2784255546990817, 1.2782023283535764, 1.2779939591122167, 1.2778511553032164, 1.2774178566621042, 1.2773748108879621, 1.2772116342824031, 1.2768473008230639, 1.276841090490244, 1.276531945878661, 1.2764690723384131, 1.2763167916869236, 1.2759639282357556, 1.275812672377031, 1.2757391898231392, 1.2756129514783532, 1.2754617492674603, 1.2750521853024883, 1.2748358601145413, 1.2735541834356057, 1.2739610326554587, 1.2734560510091033, 1.2726822615181645, 1.270782794711038, 1.2711135493117258, 1.2700418089374743, 1.2696313421509369, 1.264184124538656, 1.2680932813386552, 1.266215061541236, 1.26286874861646, 1.2630208753895726, 1.2594896833937024]}