{"L_values": [0.0, 0.030303030303030304, 0.06060606060606061, 0.09090909090909091, 0.12121212121212122, 0.15151515151515152, 0.18181818181818182, 0.21212121212121213, 0.24242424242424243, 0.2727272727272727, 0.30303030303030304, 0.33333333333333337, 0.36363636363636365, 0.3939393939393939, 0.42424242424242425, 0.4545454545454546, 0.48484848484848486, 0.5151515151515151, 0.5454545454545454, 0.5757575757575758, 0.6060606060606061, 0.6363636363636364, 0.6666666666666667, 0.696969696969697, 0.7272727272727273, 0.7575757575757576, 0.7878787878787878, 0.8181818181818182, 0.8484848484848485, 0.8787878787878788, 0.9090909090909092, 0.9393939393939394, 0.9696969696969697, 1.0, 1.0303030303030303, 1.0606060606060606, 1.0909090909090908, 1.1212121212121213, 1.1515151515151516, 1.1818181818181819, 1.2121212121212122, 1.2424242424242424, 1.2727272727272727, 1.303030303030303, 1.3333333333333335, 1.3636363636363638, 1.393939393939394, 1.4242424242424243, 1.4545454545454546, 1.4848484848484849, 1.5151515151515151, 1.5454545454545454, 1.5757575757575757, 1.6060606060606062, 1.6363636363636365, 1.6666666666666667, 1.696969696969697, 1.7272727272727273, 1.7575757575757576, 1.7878787878787878, 1.8181818181818183, 1.8484848484848486, 1.878787878787879, 1.9090909090909092, 1.9393939393939394, 1.9696969696969697, 2.0, 2.0303030303030303, 2.0606060606060606, 2.090909090909091, 2.121212121212121, 2.1515151515151514, 2.1818181818181817, 2.2121212121212124, 2.2424242424242427, 2.272727272727273, 2.303030303030303, 2.3333333333333335, 2.3636363636363638, 2.393939393939394, 2.4242424242424243, 2.4545454545454546, 2.484848484848485, 2.515151515151515, 2.5454545454545454, 2.5757575757575757, 2.606060606060606, 2.6363636363636362, 2.666666666666667, 2.6969696969696972, 2.7272727272727275, 2.757575757575758, 2.787878787878788, 2.8181818181818183, 2.8484848484848486, 2.878787878787879, 2.909090909090909, 2.9393939393939394, 2.9696969696969697, 3.0], "psi_diff": [0.0019402084351334281, 0.01209796489831838, -0.01709951415163191, 0.0054049758887195765, -0.03043498725122129, -0.03406150448178735, -0.03358387393274498, -0.04659292763639655, -0.06383308918353325, -0.06360270146871105, -0.07650028952334331, -0.07560332906187028, -0.08071843526067513, -0.08239955738065063, -0.10395593775794865, -0.11125931507129083, -0.12198548311392621, -0.10355039782244191, -0.1410303690097665, -0.15607243156814476, -0.17332997874656186, -0.1925067851103215, -0.25005878281536376, -0.26607081447602887, -0.2582836048984456, -0.3204933760581712, -0.35393938339703945, -0.3697539208568168, -0.37922121889231875, -0.4225858135301568, -0.42206795286840837, -0.5069106807445749, -0.5119645906406407, -0.5223250802592987, -0.5855159390406017, -0.6046629831941512, -0.6220597223413948, -0.6356100995461471, -0.7041746014720114, -0.649929968770016, -0.7127394146345196, -0.7001865311064472, -0.8201312085942991, -0.7800597988906031, -0.7866453773149793, -0.741440161534026, -0.8139329328407401, -0.8453615382059683, -0.8063741952231411, -0.8424642837845902, -0.9050900835325724, -0.8589757251239831, -0.9507017260516317, -0.833978760857784, -0.932621110556795, -0.9507775942039802, -0.9282646385023874, -0.9838942853391224, -0.9370560997722812, -0.9454070499030589, -0.9184423701800384, -1.0293563768337854, -1.0407834809224017, -1.0121274710170773, -1.0266336703586614, -0.9834464618625205, -1.0432941194581424, -1.0303304633802348, -1.0480707362436803, -1.0540626640658926, -1.034272659631212, -1.084234855207172, -1.198732469337735, -0.9931493808239011, -1.0869002088898965, -1.0443823736874434, -1.2013250232082058, -1.176820715160296, -1.1013146034491932, -1.0554687316840026, -1.2121183898090386, -1.1274336122856865, -1.1992927905299329, -1.1141641553547457, -1.1851741035594126, -1.2248892028072582, -1.2597194407857444, -1.080868813660648, -1.4025449268162602, -1.2397923198352974, -0.8997547954313347, -1.3156710108580851, -0.8902235321542005, -1.393230335102281, -1.1688154131143627, -1.2462146757709451, -0.9082534667390028, -1.04587438528032, -1.4734664301044749, -1.4008000571900054]}