{"L_values": [0.1, 0.1292929292929293, 0.15858585858585858, 0.18787878787878787, 0.21717171717171718, 0.24646464646464647, 0.27575757575757576, 0.305050505050505, 0.33434343434343433, 0.36363636363636365, 0.3929292929292929, 0.4222222222222222, 0.4515151515151515, 0.4808080808080808, 0.51010101010101, 0.5393939393939393, 0.5686868686868687, 0.597979797979798, 0.6272727272727272, 0.6565656565656566, 0.6858585858585858, 0.7151515151515151, 0.7444444444444444, 0.7737373737373737, 0.803030303030303, 0.8323232323232322, 0.8616161616161616, 0.8909090909090909, 0.9202020202020201, 0.9494949494949494, 0.9787878787878788, 1.008080808080808, 1.0373737373737373, 1.0666666666666667, 1.0959595959595958, 1.1252525252525252, 1.1545454545454545, 1.1838383838383837, 1.213131313131313, 1.2424242424242424, 1.2717171717171716, 1.301010101010101, 1.3303030303030303, 1.3595959595959595, 1.3888888888888888, 1.418181818181818, 1.4474747474747474, 1.4767676767676767, 1.5060606060606059, 1.5353535353535352, 1.5646464646464646, 1.5939393939393938, 1.6232323232323231, 1.6525252525252525, 1.6818181818181817, 1.711111111111111, 1.7404040404040404, 1.7696969696969695, 1.798989898989899, 1.828282828282828, 1.8575757575757574, 1.8868686868686868, 1.916161616161616, 1.9454545454545453, 1.9747474747474747, 2.004040404040404, 2.033333333333333, 2.0626262626262624, 2.091919191919192, 2.121212121212121, 2.1505050505050503, 2.17979797979798, 2.209090909090909, 2.238383838383838, 2.2676767676767677, 2.296969696969697, 2.326262626262626, 2.355555555555555, 2.3848484848484848, 2.414141414141414, 2.443434343434343, 2.4727272727272727, 2.502020202020202, 2.531313131313131, 2.5606060606060606, 2.5898989898989897, 2.619191919191919, 2.6484848484848484, 2.6777777777777776, 2.7070707070707067, 2.7363636363636363, 2.7656565656565655, 2.7949494949494946, 2.824242424242424, 2.8535353535353534, 2.8828282828282825, 2.912121212121212, 2.9414141414141413, 2.9707070707070704, 3.0], "phi_vals": [1.545206277207737, 1.5378066763904914, 1.5304909908409228, 1.5232549450600195, 1.5161554685358931, 1.509051916922176, 1.5021054144911608, 1.4953007145234305, 1.4886977800960866, 1.4824235386566014, 1.4765018658243698, 1.4707642160366294, 1.465267448821993, 1.4601864453567865, 1.455534924114134, 1.4514740869357012, 1.4479994836469703, 1.4452724790894682, 1.4428494317043508, 1.4406858402644234, 1.4391028045481982, 1.4377961902890546, 1.4369282896569777, 1.436316450602063, 1.4359444061710296, 1.4355744436819282, 1.4353315709933154, 1.4353258067553736, 1.4352881009278915, 1.4354786457625481, 1.4357490504960753, 1.4363309230997319, 1.4366441273203732, 1.436822924412985, 1.4369483862492107, 1.4373233296237418, 1.4374568010883817, 1.4379429362448137, 1.4382162388334847, 1.438370340836494, 1.438779828075279, 1.4392180318553653, 1.4394744508191515, 1.4398907351639432, 1.4401021345062714, 1.440406795309999, 1.4408593297523702, 1.4411049314433235, 1.4411568673137882, 1.4411841837020574, 1.4416860712537645, 1.4419750197612902, 1.4419130868139076, 1.4423032042269603, 1.4422529650067208, 1.442513339922767, 1.4428189892263634, 1.4430083456379244, 1.4433238968224027, 1.4431704113631587, 1.4433900421051424, 1.4436922110503907, 1.443640616718227, 1.4439066644471, 1.444102524855211, 1.4443032620888125, 1.443869912940198, 1.4442495216356528, 1.4447077661558172, 1.444072617462027, 1.444221177181935, 1.444478233647169, 1.444553114265342, 1.4450504801835975, 1.4447459024701934, 1.4444064782245636, 1.4449239338883404, 1.4449075804327676, 1.444418512749499, 1.444151161219149, 1.4450204908491537, 1.444885337011065, 1.445564536480201, 1.444187355671897, 1.4443652250111343, 1.4443244807830093, 1.443266288882566, 1.4436063173670373, 1.4449393500411598, 1.4435216173838257, 1.4442240310084564, 1.4428909322042411, 1.4438788986818745, 1.4429799588486194, 1.4440600727415438, 1.4426017368172221, 1.443048038554909, 1.4426072194984378, 1.439012670223352, 1.4430707007649957]}