{"L_values": [0.1, 0.1292929292929293, 0.15858585858585858, 0.18787878787878787, 0.21717171717171718, 0.24646464646464647, 0.27575757575757576, 0.305050505050505, 0.33434343434343433, 0.36363636363636365, 0.3929292929292929, 0.4222222222222222, 0.4515151515151515, 0.4808080808080808, 0.51010101010101, 0.5393939393939393, 0.5686868686868687, 0.597979797979798, 0.6272727272727272, 0.6565656565656566, 0.6858585858585858, 0.7151515151515151, 0.7444444444444444, 0.7737373737373737, 0.803030303030303, 0.8323232323232322, 0.8616161616161616, 0.8909090909090909, 0.9202020202020201, 0.9494949494949494, 0.9787878787878788, 1.008080808080808, 1.0373737373737373, 1.0666666666666667, 1.0959595959595958, 1.1252525252525252, 1.1545454545454545, 1.1838383838383837, 1.213131313131313, 1.2424242424242424, 1.2717171717171716, 1.301010101010101, 1.3303030303030303, 1.3595959595959595, 1.3888888888888888, 1.418181818181818, 1.4474747474747474, 1.4767676767676767, 1.5060606060606059, 1.5353535353535352, 1.5646464646464646, 1.5939393939393938, 1.6232323232323231, 1.6525252525252525, 1.6818181818181817, 1.711111111111111, 1.7404040404040404, 1.7696969696969695, 1.798989898989899, 1.828282828282828, 1.8575757575757574, 1.8868686868686868, 1.916161616161616, 1.9454545454545453, 1.9747474747474747, 2.004040404040404, 2.033333333333333, 2.0626262626262624, 2.091919191919192, 2.121212121212121, 2.1505050505050503, 2.17979797979798, 2.209090909090909, 2.238383838383838, 2.2676767676767677, 2.296969696969697, 2.326262626262626, 2.355555555555555, 2.3848484848484848, 2.414141414141414, 2.443434343434343, 2.4727272727272727, 2.502020202020202, 2.531313131313131, 2.5606060606060606, 2.5898989898989897, 2.619191919191919, 2.6484848484848484, 2.6777777777777776, 2.7070707070707067, 2.7363636363636363, 2.7656565656565655, 2.7949494949494946, 2.824242424242424, 2.8535353535353534, 2.8828282828282825, 2.912121212121212, 2.9414141414141413, 2.9707070707070704, 3.0], "phi_vals": [1.5306118685893246, 1.5188786340945024, 1.5071955355585898, 1.49557646789039, 1.4840153176387194, 1.4725254598961173, 1.4610867025426568, 1.4496929436978823, 1.4384261557811298, 1.427292010154921, 1.416294094063338, 1.4054863027116598, 1.3947513387356765, 1.3841845915560365, 1.3737451354327417, 1.3634279269056244, 1.3535166749633132, 1.344305135226251, 1.3354319520336873, 1.327118273703913, 1.3194729376463077, 1.3125806098431658, 1.3062866794386778, 1.3006253732413524, 1.2955474886252925, 1.2910084001175908, 1.2868938497038316, 1.2831900613731881, 1.2798742944080916, 1.2769106692663565, 1.2742541055803156, 1.271810838866623, 1.269572408301422, 1.2675018113066094, 1.2656018889339975, 1.2638193477378967, 1.2621536393062007, 1.2606361581764889, 1.2592209593702268, 1.2579072101752309, 1.2567085299475367, 1.25558230265314, 1.2545152366375891, 1.253553868381671, 1.2525861243735632, 1.2517005212355286, 1.250891996580717, 1.2500874623826241, 1.249345475245476, 1.2486156530420922, 1.2479493780093232, 1.2473206253746723, 1.2467342541224344, 1.2461110550387413, 1.2456005075010235, 1.2450501011763102, 1.2445534862681982, 1.2440913494412573, 1.243586828095222, 1.2431455551539374, 1.2427563329577525, 1.2423644131340525, 1.2419708946731782, 1.2416360300694032, 1.2412850058706324, 1.2409232386042945, 1.2406176290330702, 1.2403105336004259, 1.2400041505413175, 1.2397265137390794, 1.2394506633413116, 1.2392072446161655, 1.238912496827266, 1.2386780545134548, 1.2384090745407599, 1.2382128776568315, 1.2379700390993522, 1.2377221891408337, 1.236657968270857, 1.2297872139836754, 1.1973418122496402, 1.165181729397407, 1.1395812740953726, 1.1025287773285506, 1.0831165064148933, 1.0509741301751587, 1.0339937495872098, 1.0183984684841245, 0.9824992190209862, 0.9645624628841668, 0.9428989013812955, 0.9216471511933221, 0.9000030044314812, 0.8839075683962276, 0.8631515394976329, 0.8449494583271219, 0.825719937518118, 0.8106216430288481, 0.7921817778751551, 0.7745231437520486]}